Id,City,Lat,Long_,percent_change,geometry
0,Tulsa,36.11939621,-95.94013939,20.0,POINT (-95.94013939 36.11939621)
1,Phoenix,33.34835867,-112.4918154,267.8,POINT (-112.4918154 33.34835867)
2,Mankato,44.03554215,-94.06699781,-100.0,POINT (-94.06699781 44.03554215)
3,Oshkosh,44.06886922,-88.64477096,50.0,POINT (-88.64477096 44.06886922)
4,Yuma,32.76895712,-113.90666740000002,-71.19,POINT (-113.9066674 32.76895712)
5,Old Forge,41.43564672,-75.60379201,0.0,POINT (-75.60379201000001 41.43564672)
6,Londonderry,42.98499744,-71.12883377,-50.0,POINT (-71.12883377 42.98499744)
7,Latrobe,40.31377979999999,-79.46615476,100.0,POINT (-79.46615475999999 40.31377979999999)
8,Winston-Salem,36.12859861,-80.25459052,-21.95,POINT (-80.25459051999999 36.12859861)
9,Freeland,43.33433923,-84.05131209999998,171.43,POINT (-84.05131209999998 43.33433923)
10,Minden,38.912862,-119.6171333,-100.0,POINT (-119.6171333 38.912862)
11,Henderson,36.21458855,-115.0130241,-59.27,POINT (-115.0130241 36.21458855)
12,Mosinee,44.89792533,-89.75863384,1125.0,POINT (-89.75863384 44.89792533)
13,Bemidji,47.97373527,-94.93732139,25.0,POINT (-94.93732138999999 47.97373527)
14,Fayetteville,35.04762133,-78.82623165,4.17,POINT (-78.82623165 35.04762133)
15,Vandalia,39.75394919,-84.29050975,-34.48,POINT (-84.29050975 39.75394919)
16,Swanton,41.60213491,-84.12571393,1600.0,POINT (-84.12571393 41.60213491)
17,Moon Township,40.46809875,-79.98167747,-28.85,POINT (-79.98167746999999 40.46809875)
18,Jacksonville,30.33225875,-81.66976468,8.28,POINT (-81.66976468 30.33225875)
19,Newport News,,,0.0,POINT (nan nan)
20,Middletown,40.41377078,-76.77993242,-19.05,POINT (-76.77993241999999 40.41377078)
21,Duluth,47.6048407,-92.46879855,66.67,POINT (-92.46879855 47.6048407)
22,Sanford,28.7158582,-81.24060348,-41.67,POINT (-81.24060348 28.7158582)
23,Johnstown,40.49527404,-78.71377428,1166.67,POINT (-78.71377428 40.49527404)
24,Des Moines,41.68679484,-93.57767461,-3.85,POINT (-93.57767461 41.68679484)
25,Greenville,35.59535426,-77.37353178,-43.75,POINT (-77.37353177999999 35.59535426)
26,Ocala,29.21227113,-82.05803627,-66.67,POINT (-82.05803627 29.21227113)
27,Macon,32.80904227,-83.70489165,-16.36,POINT (-83.70489164999999 32.80904227)
28,Muskegon,43.29123859,-86.15176712,1100.0,POINT (-86.15176712 43.29123859)
29,Muskegon,43.29123859,-86.15176712,1100.0,POINT (-86.15176712 43.29123859)
30,Janesville,42.67151616,-89.07147900000002,180.0,POINT (-89.07147900000002 42.67151616)
31,Carson City,,,0.0,POINT (nan nan)
32,Prescott,34.59933926,-112.5538588,300.0,POINT (-112.5538588 34.59933926)
33,Tucson,32.0971334,-111.7890033,47.37,POINT (-111.7890033 32.0971334)
34,Erie,41.99253829,-80.03301954,500.0,POINT (-80.03301954 41.99253829)
35,Gastonia,35.29373559,-81.17477045,92.5,POINT (-81.17477045 35.29373559)
36,The Villages,,,0.0,POINT (nan nan)
37,Pensacola,30.67652764,-87.37284571,-49.28,POINT (-87.37284571000001 30.67652764)
38,Lumberton,34.64244496,-79.10250529999998,-34.48,POINT (-79.10250529999998 34.64244496)
39,Circleville,39.64170392,-83.0243386,0.0,POINT (-83.02433859999999 39.64170392)
40,Waukesha,43.01833055,-88.30431188,85.37,POINT (-88.30431188 43.01833055)
41,Manchester,42.91537785,-71.7200253,-33.33,POINT (-71.7200253 42.91537785)
42,Allentown,40.6154815,-75.59435245,-15.0,POINT (-75.59435245 40.6154815)
43,Lititz,40.03904563,-76.24770128,48.28,POINT (-76.24770128 40.03904563)
44,Martinsburg,40.47961444,-78.34917412,150.0,POINT (-78.34917412 40.47961444)
45,Lansing,42.59716886,-84.37472069,90.91,POINT (-84.37472069 42.59716886)
46,West Salem,43.90632465,-91.11451093,-35.0,POINT (-91.11451092999999 43.90632465)
47,Omaha,41.29518299,-96.15085305,73.33,POINT (-96.15085304999999 41.29518299)
48,Bullhead City,35.70471703,-113.7577902,150.0,POINT (-113.7577902 35.70471703)
49,Goodyear,33.34835867,-112.4918154,7.75,POINT (-112.4918154 33.34835867)
50,Tampa,27.9276559,-82.32013172,-30.2,POINT (-82.32013172000001 27.9276559)
51,Waterford Township,42.66090111,-83.38595416,153.19,POINT (-83.38595416 42.66090111)
52,Green Bay,44.4526553,-88.00411844,-59.65,POINT (-88.00411844 44.4526553)
53,Rochester,44.00374114,-92.40209944,0.0,POINT (-92.40209944 44.00374114)
54,Newtown,40.70497338,-76.2150785,66.67,POINT (-76.2150785 40.70497338)
55,Reading,40.41570541,-75.92457766,-10.53,POINT (-75.92457766 40.41570541)
56,Butler,40.91152759,-79.91351055,616.67,POINT (-79.91351055 40.91152759)
57,Montoursville,41.34310539,-77.06629984,-33.33,POINT (-77.06629984 41.34310539)
58,Washington,42.69158356,-82.92752801,89.89,POINT (-82.92752801 42.69158356)
59,Dubuque,42.46815349,-90.88181925,52.38,POINT (-90.88181925000001 42.46815349)
60,Hickory,35.66211129,-81.2132617,109.09,POINT (-81.2132617 35.66211129)
61,Rome,34.26268279,-85.21577392,0.0,POINT (-85.21577392 34.26268279)
62,Opa-locka,25.6112362,-80.55170587,-71.0,POINT (-80.55170587000001 25.6112362)
63,Fayetteville,35.04762133,-78.82623165,-40.0,POINT (-78.82623165 35.04762133)
64,Scranton,41.43564672,-75.60379201,300.0,POINT (-75.60379201000001 41.43564672)
65,Traverse City,44.69565625,-85.55585247,-28.57,POINT (-85.55585247 44.69565625)
66,Kenosha,42.57639354,-88.04051686,54.84,POINT (-88.04051686 42.57639354)
67,Grand Rapids,43.03197711,-85.54934642,940.0,POINT (-85.54934642000001 43.03197711)
